<?xml version="1.0" encoding="UTF-8"?>
<configuration>

    <property name="LOG_HOME" value="/var/log/ccrt/elasticdemo/" />

    <appender name="FILE-AUDIT"
        class="ch.qos.logback.core.rolling.RollingFileAppender">
        <file>${LOG_HOME}/elasticdemo.log</file>
        <encoder class="ch.qos.logback.classic.encoder.PatternLayoutEncoder">
            <Pattern>
                %d{yyyy-MM-dd HH:mm:ss} - %msg%n
            </Pattern>
        </encoder>

        <rollingPolicy class="ch.qos.logback.core.rolling.TimeBasedRollingPolicy">
            <!-- rollover daily -->
            <fileNamePattern>${LOG_HOME}/elasticdemo.log.%d{yyyy-MM-dd-a}</fileNamePattern>
            <!--  
            <timeBasedFileNamingAndTriggeringPolicy
                class="ch.qos.logback.core.rolling.SizeAndTimeBasedFNATP">
                <maxFileSize>10MB</maxFileSize>
            </timeBasedFileNamingAndTriggeringPolicy>
            -->
        </rollingPolicy>
    </appender>

    <logger name="com.verizon" level="debug"
        additivity="false">
        <appender-ref ref="FILE-AUDIT" />
    </logger>
   
    <root level="error">
        <appender-ref ref="FILE-AUDIT" />
    </root>

</configuration>